Job ID,Job Title,Job URL,Diversity Job,Employer,Location,Salary,Date Posted,Description,Position Type 0.0,Position Type 0.1,Position Type 0.2,Position Type 0.3,Position Type 0.4,Position Type 0.5,Position Type 0.6,Position Type 0.7,Position Type 0.8,Position Type 0.9
371672,Tenure-track Assistant Professor in Strategy & Innovation,https://jobs.chronicle.com/job/371672/tenure-track-assistant-professor-in-strategy-and-innovation/,False,Boston University,"Massachusetts, United States",Competitive Salary,2021-08-18,"
The Strategy & Innovation
Department at the Boston University
Questrom School of Business invites applications for
a tenure track Assistant Professor. Pending
Provost budgetary approval, this position will begin July 1, 2022
for the Fall semester at Boston University.
The S&I Department places particular emphasis on the study
of innovation and strategy in different kinds of organizations and
the role of technological change in creating new industries and
shaping existing ones. The department’s faculty represents an
interdisciplinary group of researchers with backgrounds in
strategy, economics, sociology and organizational theory. We
believe that the cultural and social diversity of our faculty,
staff, and students is vitally important to the distinction and
excellence of our research and academic programs. BU has redoubled
its commitment to more fully embody its founding principles, and we
welcome new colleagues who have interest in joining us in this
project. To that end, we are especially eager to have join our
ranks a colleague who supports our institutional commitment to
ensuring that BU is inclusive, equitable, and diverse
institution.
Prospective candidates must demonstrate the ability to produce
original and innovative scholarly work of the highest possible
quality and impact; a PhD degree in business, management, or other
closely-related areas from a research university is required.
Special consideration will be given to applicants whose research
focuses on areas of strategic emphasis for the Questrom School of
Business (such as health and life sciences, digital technologies,
and sustainability and social impact), ), who can contribute to
building the department’s capabilities in entrepreneurship and
global business, and who possess demonstrated teaching abilities at
the undergraduate and graduate level. Interest and experience with
modalities such as online would be appreciated. Salary will be
commensurate with experience.
Interested applicants should send (a) a current curriculum
vitae, (b) at least one recent scholarly article and/or job market
paper, and (c) three letters of recommendation by
October 1, 2021 directly to strategy@bu.edu.
We are an equal opportunity employer and all qualified
applicants will receive consideration for employment without regard
to race, color, religion, sex, sexual orientation, gender identity,
national origin, disability status, protected veteran status, or
any other characteristic protected by law. We are a VEVRAA Federal
Contractor.
",Faculty Positions,Business & Management,Economics,Social & Behavioral Sciences,Sociology,,,,,
371658,Associate General Counsel,https://jobs.chronicle.com/job/371658/associate-general-counsel/,False,North Carolina Agricultural and Technical State University,"North Carolina, United States",Salary Not specified,2021-08-18,"
					The Associate General Counsel will engage in a wide-ranging,
challenging, fast-paced, and demanding general higher education
legal practice. Practice areas will focus on issues that include,
but are not limited to, employment, regulatory compliance,
administrative agency complaints, public records law, student
affairs, Title IX, ADA, Clery Act compliance, FERPA, HIPAA, IT and
data security and privacy, transactional matters, and/or risk
management matters. A successful candidate will have the ability to
reach rapid and accurate decisions in high-profile and
time-sensitive circumstances, as well as the ability to work
independently and as part of a team.

 

",Administrative,Business & Administrative Affairs,Affirmative Action & Equal Opportunity,Legal Affairs,Deans,Student Affairs,Other Student Affairs,Faculty Positions,Professional Fields,Law & Legal Studies
371651,Writing Program Instructor,https://jobs.chronicle.com/job/371651/writing-program-instructor/,False,University of La Verne,"California, United States",Salary Not specified,2021-08-18,"


University of La Verne

Writing Program Instructor
 Job Description Summary:
The University of La Verne is a private not-for-profit
university founded in 1891 located in La Verne, California. The
core values that we live by are Ethical Reasoning, Diversity and
Inclusivity, Lifelong Learning and Community and Civic
Engagement.

If you're passionate about these values, join us at the University
of La Verne!

The Department of Rhetoric and Communication Studies invites
applications for adjunct faculty positions to teach courses in the
University's First-year Rhetoric and Writing Program for the Fall
2021 semester. We seek applicants to teach first-year writing
courses who may also be qualified to teach the department's oral
communication GE courses such as public speaking.

Specific Duties:


Minimum Qualifications:


Preferred Qualifications:
Preference will be given to candidates with at least 2 years of
teaching experience at the college or university level who can
furnish evidence of strong teaching, and who can teach face-to-face
classes on our main campus but have experience teaching in hybrid
or remote, synchronous online learning formats.


Location: La Verne Central Campus

Special Instructions:
To be considered for this position please visit our web site and
apply on line at the following link: http://laverne.edu

Institutional Profile
Located in Southern California, the University of La Verne offers a
distinctive and relevant educational experience to a diverse
population of students, preparing them for successful careers and a
commitment to lifelong learning across the liberal arts and
professional programs. The academic units of the not-for-profit
university include the College of Arts and Sciences, the College of
Business and Public Management, the LaFetra College of Education,
and the College of Law. The university offers both undergraduate
and graduate programs, including degree programs tailored for
working adults. The university's central campus is located 30 miles
east of Los Angeles in the historic Old Town section of La Verne, a
city with a population of approximately 35,000 at the foothills of
the San Gabriel Mountains. The university also has eight regional
campuses throughout California and the College of Law campus in
Ontario, California. The university is classified as a Carnegie
Doctoral Institution with moderate research activity. Core values
are reflected throughout all curricular and co-curricular programs,
its emphasis on close professor-student interaction, personal
support of its students, and its diversity.

The University of La Verne prides itself in being reflective of the
diversity of Southern California. Approximately 80 percent of its
nearly 8,500 students come from diverse backgrounds and the U.S.
Department of Education has designated the university as a Hispanic
Serving Institution (HSI). With 80,000 alumni, the university
fulfills a critical community function in educating students from
underserved populations, many of whom are the first generation in
their family to attend college.

The University of La Verne is an equal opportunity employer and
does not discriminate against employment or employees on any basis
prohibited by state and federal law. University of La Verne hires
and promotes individuals based on their qualifications and is
consistent with applicable state and federal laws, without regard
to race, color, religion, gender, disability, medical condition a
or sexual orientation




jeid-3e2ef1006873ae40989bf03b54003eb7

",Faculty Positions,Communications,Media Studies,,,,,,,
371612,"Tenure-Track Faculty Position in International Relations, Human Security",https://jobs.chronicle.com/job/371612/tenure-track-faculty-position-in-international-relations-human-security/,False,Bucknell University,"Pennsylvania, United States",Salary Not specified,2021-08-18,"


Tenure-Track Faculty Position in International Relations, Human
Security

Job No: 496815
Position Type: full-time
Location: Lewisburg, PA
Categories: International Relations

The Department of International Relations at Bucknell University
invites applications for a tenure-track faculty position to begin
in August 2022. We expect to hire at the assistant professor level.
We seek a teacher-scholar with a Ph.D. degree in International
Relations, Environmental Studies, International Development,
Sociology, Anthropology, Geography, or other relevant disciplines
by the start of the appointment. Candidates in the final stages of
completing their degree requirements, with a defense date by August
2022, will be considered.

We welcome candidates who demonstrate excellence in reflective
multicultural and inclusive teaching practices and who display a
strong commitment to collaboration and interdisciplinarity. The
successful candidate will teach five courses per year, develop a
strong body of scholarship in their field of specialization, and
participate in service activities at department, college, and
university levels or at wider academic community.

We are seeking a candidate whose teaching and research interests
are in human security, including but not limited to global public
health, international peace and conflict resolution, disaster
management, peacebuilding, economic security, environmental
security, food security, humanitarian assistance and relief, and
nongovernmental organizations. The selected candidate should be
able to teach courses on Human Security and Globalization as well
as electives related to various aspects of human security. They may
also be asked to teach a first-year foundation seminar and/or a
senior seminar. A regional focus that complements our existing
faculty's research interests will be an asset. We seek a candidate
who has a commitment to diversity and high impact educational
practices (writing intensive courses, interdisciplinary courses,
experiential learning, etc.) that would appeal to a broad
university audience.

Applications must be made online at: careers.bucknell.edu. Online
applications require a cover letter; CV; separate statements on the
candidate's teaching and research philosophies; sample syllabi
(relevant to the position) and course evaluations; a statement
describing any experience, training, or engagement with issues of
diversity, equity, and inclusion; and three letters of
recommendation. For additional information and to apply, please go
to Bucknell's career site (careers.bucknell.edu). Inquires can be
sent to Professor Emek Uçarer (ucarer@bucknell.edu). Review of
applications will begin on October 1, 2021 and continue until the
position is filled.



To apply, visit https://careers.bucknell.edu/en-us/job/496815/tenuretrack-faculty-position-in-international-relations-human-security

jeid-400d6ffc9f46ee49888e073afd1751bb
				",Faculty Positions,Business & Management,Other Business & Management,,,,,,,
371600,Faculty / Capstone Coordinator for Occupational Therapy Dept 2021-2022,https://jobs.chronicle.com/job/371600/faculty-capstone-coordinator-for-occupational-therapy-dept-2021-2022/,False,University of Texas Rio Grande Valley,"Texas, United States",Salary Not specified,2021-08-18,"


Faculty / Capstone Coordinator for Occupational Therapy Dept
2021-2022

Job Class Code:
FLSA:
Posting Number: FRGV1171
Location: Rio Grande Valley
Division/Organization: Division of Health Affairs
Appointment Period for Non-Tenure Position:
Tenure Status: Tenure Track
FTE: 1.0

Scope of Job:
The Department of Occupational Therapy at The University of Texas
Rio Grande Valley (UTRGV) has the need to hire a faculty and
capstone coordinator for its entry-level OTD program.
Responsibilities will involve collaborating with faculty in
teaching, designing, and managing assigned componements of the
entry-level OTD curriculum, engaging in scholarly activity, grant
writing, mentoring graduate students, and serving on department,
college and university committees. As the capstone coordinator,
this person will work closely with the OTD program director and
faculty to ensure capstone project content and rigor aligns with
course and program outcomes.

UTRGV faculty will be expected to demonstrate a strong commitment
to scholarly work, student success and to advancing the university,
college, and program missions and are committed to UTRGV's
strategic plan, vision, mission, values and core priorities.
(https://www.utrgv.edu/strategic-plan/)


Minimum Qualifications:
• Doctorate degree in Occupational Therapy or a related field or
doctoral degree conferred by hire date;
• Texas License or eligibility for license in Texas as an
Occupational Therapist;
• At least 3 years of clinical experience as an Occupational
Therapist;
• Experience teaching at the university level
• Evidence of scholarly activity


Discipline Specific Required Qualifications:
Desired individual should have a strong grounding in
occupational-based education and practice.


Preferred Qualification:
• Research doctoral degree (e.g. PhD, DrPH, EdD)
• Evidence of teaching excellence, graduate student mentoring, and
curriculum development
• Experience supervising graduate students.
• Evidence of submitting and obtaining grant funding
• Self-directed with strong organization and management
skills.
• Ability to handle conflict with students, faculty and staff
appropriately and effectively.


Salary: Commensurate with Qualifications and
Experience
License or Certification Required?: Yes
Number of Vacancies: 1
Desired Start Date: 09/01/2021

EEO Statement:
EEO Statement
It is the policy of The University of Texas Rio Grande Valley to
promote and ensure equal employment opportunities for all
individuals without regard to race, color, national origin, sex,
age, religion, disability, sexual orientation, gender identity or
expression, genetic information or protected veteran status. In
accordance with the requirements of Title VII of the civil rights
act of 1964, the title IX of the Education Amendments of 1972,
Section 504 of the Rehabilitation Act of 1973, and the Americans
with Disabilities Act of 1990, as amended, our University is
committed to comply with all government requirements and ensures
non-discrimination in its education programs and activities,
including employment. We encourage women, minorities and
differently abled persons to apply for employment positions of
interest.
Diversity Statement
UTRGV is a Hispanic-serving Institution dedicated to student
success and building a diverse faculty committed to working in a
multicultural environment. UTRGV has an NSF ADVANCE grant to
increase the representation of women in STEM fields and to promote
a positive, family friendly workplace for all faculty. We strongly
encourage applications from women and minorities.

Open Date: 06/01/2021

Special Instructions to Applicants:
Dear Applicant,

Human Resources will not be held responsible for redacting any
confidential information from the documents you attach with your
application. The confidential information includes the
following:

*Date of Birth
*Social Security Number
*Gender
*Ethnicity/Race

Please make sure that you omit this information prior to
submission. We are advising that Human Resources will be forwarding
your application to the department as per your submission.

The University of Texas Rio Grande Valley reserves the right to
discontinue accepting applications prior to the stated close date
of this position, after meeting the posting requirement of three
(3) calendar days.


Additional Information:
UTRGV is a distributed institution. As such and as assigned, the
position may
require presence at multiple locations throughout the Rio Grande
Valley. Work is
performed primarily in a general office environment. This position
is security sensitive
and thereby subject to the provisions of the Texas Education
Code
§51.215. The retirement plan for this position is Teacher
Retirement System of
Texas (TRS), subject to the position being at least 20 hours per
week and at least
135 days in length. This position has the option to elect the
Optional Retirement
Program (ORP) instead of TRS, subject to the position being 40
hours per week
and at least 135 days in length.


Please Note:
Texas law requires faculty members whose primary language is not
English to
demonstrate proficiency in English as determined by a satisfactory
paper-based
test score of 500 (computer-based of 173 or internet-based of 61)
on the Test of
English as a Foreign Language (TOEFL) or a satisfactory test score
of 6.0 on the
International English Language Testing System (IELTS). Incomplete
applications
will not be considered.


To apply, visit https://careers.utrgv.edu/postings/29617

jeid-a5d0c2a8add1e64495408ea1021ed429
				",Faculty Positions,Health & Medicine,Other Health & Medicine,,,,,,,
371438,"Faculty, Tenure Track, Assistant Professor - Physician Assistant",https://jobs.chronicle.com/job/371438/faculty-tenure-track-assistant-professor-physician-assistant/,False,Utah Valley University,"Utah, United States",Salary Not specified,2021-08-17,"


Faculty, Tenure Track, Assistant Professor - Physician
Assistant

Position Category: Faculty - Tenure Track (FT)

Summary:
Utah Valley University is searching for a tenure-track faculty
member for the Physician Assistant Program. The PA Program
Assistant Professor will be responsible for classroom and lab
teaching for courses/modules; assistance in the recruitment and
maintenance of clinical training sites; curriculum development,
revision, analysis, and assessment; student evaluation and
advisement throughout the program; participation in admissions;
participation in accreditation activities and program self-study;
completion of PA department scholarly, teaching and service
requirements for tenure. UVU offers an excellent benefits package
which includes a generous leave policy, 12 paid holidays,
affordable medical and dental insurance options, life and AD&D
insurance, tuition waiver (undergraduate resident) for employee and
dependents and substantial employer contribution to a retirement
plan.

Required Qualifications:
Master’s degree in physician assistant practice from accredited PA
program or doctorate in related area of study or profession, with
at least 1-year experience teaching undergraduate or graduate level
anatomy and physiology/pathophysiology.

If a PA, must be eligible for a current Utah Physician Assistant
license or have a current Utah Physician Assistant license.
If a PA, must have current NCCPA Certification or be eligible for
NCCPA Certification.

Minimum of 3 years full-time or equivalent clinical experience, or
experience in a related field if not a PA.

Minimum 1 year part-time or full-time experience teaching in
clinical sciences or practical clinical instruction.

Knowledge, Skills and Abilities:
* In-depth knowledge of physician assistant practice.
* Familiarity with PA program accreditation.
* Knowledge of research methodologies.
* Skills in teaching and clinical skills demonstration.
* Skills in communication and advising.
* Excellent written and verbal communication skills.
* Ability to work effectively in a team.
* Ability to develop, revise, deliver, and analyze new course
curriculum.
* Ability to apply research principles while engaging
students.
* Knowledge about health and educational disparities among
underrepresented populations
* Ability to effectively implement policies and curriculum
addressing diversity, equity and inclusion

Preferred Qualifications:
At least 1-year of experience teaching undergraduate or graduate
level anatomy and physiology/pathophysiology.


Physical Requirements:
Frequently standing, walking, and sitting. Frequent use of
fine-hand manipulation associated with the use of a computer.
Consistently talking, hearing, and speaking.

Benefits Summary:
UVU offers an excellent benefits package which includes a generous
leave policy, 12 paid holidays, affordable medical and dental
insurance options, life and AD&D insurance, tuition waiver
(undergraduate resident) for employee and dependents and
substantial employer contribution to a retirement plan.

FLSA: Exempt

Pay Range: DOQ

Advertisement Number: FAC14021
Open Date: 08/16/2021
Review Start Date: 09/16/2021
Close Date: 9/16/2021
Open Until Filled: No

Special Instructions to Applicant: Priority consideration
will be given to those applicants who apply on or before the
“Review Start Date."" This job advertisement may close at any time
after the review date.

To apply, visit: https://www.uvu.jobs/postings/24079

Employment decisions are made on the basis of an applicant’s
qualifications and ability to perform the job without regard to
race, color, religion, national origin, sex, sexual orientation,
gender identity, gender expression, age (40 and over), disability,
veteran status, pregnancy, childbirth, or pregnancy-related
conditions, genetic information, or other bases protected by
applicable federal, state, or local law.

jeid-53d82fc7fa112644a6c5f86bb1d1fe5a
				",Faculty Positions,Health & Medicine,Medicine,,,,,,,
371404,Assistant Professor,https://jobs.chronicle.com/job/371404/assistant-professor/,False,University of Chicago Kenneth C. Griffin Department of Economics,"Illinois, United States",Salary Not specified,2021-08-17,"
The Kenneth C. Griffin Department of Economics at the University
of Chicago invites applications for tenure-track faculty positions
in Economics at the Assistant Professor level to begin in the
2022-23 academic year.  Applicants in all fields of Economics
will be considered.
Application Instructions
Applicants must apply online at the University of Chicago’s
Academic Recruitment job board at: apply.interfolio.com/92299. Applications are required
to include a curriculum vitae, teaching statement, research
statement, student evaluations, three letters of recommendation and
a job market paper.  Additionally, applicants are strongly
encouraged to submit published or unpublished research
papers.  Review of applications will begin on September 15,
2021 and will continue until June 30, 2022, or until the position
is filled.  Only short-listed candidates will be
contacted. 
Equal Employment Opportunity Statement
We seek a diverse pool of applicants who wish to join an
academic community that places the highest value on rigorous
inquiry and encourages diverse perspectives, experiences, groups of
individuals, and ideas to inform and stimulate intellectual
challenge, engagement, and exchange. The University’s
Statements on Diversity are at https://provost.uchicago.edu/statements-diversity.
The University of Chicago is an Affirmative Action/Equal
Opportunity/Disabled/Veterans Employer and does not discriminate on
the basis of race, color, religion, sex, sexual orientation, gender
identity, national or ethnic origin, age, status as an individual
with a disability, protected veteran status, genetic information,
or other protected classes under the law. For additional
information please see the University's Notice
of Nondiscrimination.
Job seekers in need of a reasonable accommodation to complete
the application process should call 773-702-1032 or
email equalopportunity@uchicago.edu with
their request.
",Faculty Positions,Business & Management,Economics,,,,,,,
371377,"Open Rank Professor/Department Chair, Speech-Language Pathology",https://jobs.chronicle.com/job/371377/open-rank-professor-department-chair-speech-language-pathology/,False,Monmouth University,"New Jersey, United States",Salary Not specified,2021-08-17,"


Monmouth University

Open Rank Professor/Department Chair, Speech-Language
Pathology


Department: Speech Language Pathology

Position Summary:
Monmouth University is seeking applications for an Open Rank
Professor/Department Chair in Speech-Language Pathology, which is
part of the School of Education. This position is for the 2022-2023
academic year and is a tenure-eligible appointment. Rank will be
commensurate with experience and accomplishment.

The Department of Speech-Language Pathology aims to provide a
state-of-the-art education for our candidates. Toward this end,
faculty, staff, and students within the department value diversity;
pursue reflective inquiry; apply problem-solving strategies; and
work to promote innovative, technologically appropriate,
interdisciplinary educational practice and collaboration within
their professional areas.

The Master of Science in Education program in Speech-Language
Pathology at Monmouth University is accredited by the Council on
Academic Accreditation in Audiology and Speech-Language Pathology
(CAA) of the American Speech-Language-Hearing Association. Our
graduates are expected to contribute to and be leaders in their
field through practice, education, and professional
excellence.

For additional information about the department, please go to:

https://www.monmouth.edu/school-of-education/speech-language-pathology/


Required Degree, License or Certifications:
Doctoral degree, ABD candidates may be considered with degree
completion expected by date of employment

Required Skills or Software:
Excellent interpersonal, organizational and communication
skills

Required Years of Experience:

Other Requirements:
Earned doctoral degree in Speech-Language Pathology, Communication
Sciences and Disorders or a closely-related discipline, or Ed.D.
considered, given an academic or clinical background in
speech-language pathology.

Possess a valid Certificate of Clinical Competence in
Speech-Language Pathology (CCC-SLP). New Jersey license-eligible as
a speech-language pathologist.

Candidates should have a demonstrated record in academic
leadership, including experience with budgeting and resource
allocation, academic program assessment, as well as hiring,
developing and supervising faculty and staff. An established record
of excellence in scholarship, extramural research funding, teaching
and experience leading diverse scholars is important.


Preferred Qualifications:
Specialization in the area of adult medical speech-language
pathology, such as dysphagia, voice disorders, motor speech
disorders and/or neurological diagnoses and related
disorders.

Experience with Council on Academic Accreditation (CAA)
accreditation and a well-established publication record. Evidence
of the ability to provide leadership for development or expansion
of programs or services. Evidence of a commitment to culturally
sustaining practices in diverse and inclusive contexts and
communities.


Log in to http://jobs.monmouth.edu to apply
and see the job duties for this position no later than the deadline
date.

Posting Date: 06/15/2021
Closing Date:


Located along New Jersey's northern coastline, Monmouth University
is a top-tier, private comprehensive institution that is home to
innovative academic programs, expert faculty, and nationally ranked
Division I athletics. The University enrolls approximately 5,700
students in nearly 60 undergraduate and graduate degree programs,
including three doctoral programs.

Small classes geared toward individual attention and immersive
learning experiences that extend beyond the classroom, define the
student experience at Monmouth. The University's dynamic learning
environment empowers students to become active participants in
their education while fully preparing them for life after
graduation. Monmouth's faculty, experts in their respective
disciplines and industries, foster student growth by collaborating
with undergraduates and graduates in their research and
scholarship.

Approximately one hour from New York City and Philadelphia,
Monmouth University sits at the heart of a vibrant culture rich in
history, the arts, technology, and entrepreneurship. The
University's 168-acre coastal campus has been named one of the most
beautiful in the world, and blends the classic elegance of National
Historic Landmarks with state-of-the-art facilities. Recent updates
include a $47 million renovation to the Edison Science Building and
construction of a $16 million stadium, which hosts more than half
of the University's student-athletes.

A multitude of experiences is available just outside the campus
gates. Access Asbury Park's legendary music scene and diverse
cultural opportunities supported by an active LGBTQ community.
Enjoy Red Bank's lively theater and dining hub and Long Branch's
redeveloped waterfront with recreational and upscale shopping
offerings.

Founded in 1933 as Monmouth Junior College, the institution became
Monmouth College in 1956 and received its university charter in
1995. Today, Monmouth University is listed in U.S. News & World
Report's “Best Colleges,” The Princeton Review's “The Best 382
Colleges,” and Money magazine's “Best Colleges for Your
Money.”

Monmouth University is an equal opportunity employer. We celebrate
diversity and are committed to creating an inclusive environment
for all employees.




jeid-ab8e5a8aeb9c784d8588ccd956aa6741

",Faculty Positions,Communications,Speech & Rhetoric,,,,,,,
371381,Assistant Professor of Criminology/Sociology,https://jobs.chronicle.com/job/371381/assistant-professor-of-criminology-sociology/,False,University of Utah,"Utah, United States",Salary Commensurate with experience,2021-08-17,"
The Department of Sociology at the University of Utah invites
applications for a tenure-track position at the rank of Assistant
Professor to begin July 1, 2022. We seek a criminologist who will
contribute to one or more of the department’s specialty areas:
Political and Cultural Sociology, Development and Environment, or
Population and Health (descriptions available at
soc.utah.edu/graduate). Examples of potential research areas
include but are not limited to race/ethnicity and criminal justice,
gender and crime, border criminology, transnational crime, green or
environmental criminology, criminological theory, deviance,
juvenile justice, policing, corrections (e.g., mass incarceration,
rehabilitation, restorative justice), health and crime, and
community contexts of crime. Candidates should hold a PhD in
Sociology, Criminology, or Criminal Justice by the beginning of the
appointment. The successful applicant will have a well-defined
research agenda and strong record of (or clear potential for)
success in academic publication and extramural funding. Applicants
should be prepared to contribute to the department’s undergraduate
and graduate teaching mission.
The Sociology program awards the BA/BS in Sociology, BA/BS in
Criminology, Master of Statistics, and PhD degrees. It serves
approximately 800 undergraduate majors—one of the most diverse
majors at the University of Utah—and has a well-regarded doctoral
program. Academic Analytics recently ranked the department first
among 207 U.S. sociology departments in the number of articles
published per faculty member. The University of Utah is a member of
the Pac-12 Conference and the Association of American Universities.
We are situated in a growing, vibrant, diverse metropolitan area of
1.3 million people, within minutes of world-class hiking and skiing
and within hours of eight national parks. Salt Lake City is home to
a major international airport with direct flights to major U.S.
cities and international locations such as Amsterdam, London,
Mexico City, and Paris.
The University of Utah and Department of Sociology strive to
recruit faculty who will enhance our diversity. We recognize that a
diverse faculty benefits and enriches the educational experiences
of the entire campus and community. Persons of color, women, and
persons with disabilities are strongly encouraged to apply.
Veteran’s preference is extended to qualified applicants. The
University of Utah is an Equal Opportunity/Affirmative Action
employer and educator. University policies prohibit discrimination
on the basis of race, national origin, color, sex, sexual
orientation, gender identity/expression, religion, age, status as a
person with a disability, or veteran status. To inquire further
about the University’s nondiscrimination and affirmative action
policies, or to request an accommodation in the application
process, contact the University’s Office of Equal Opportunity,
Affirmative Action, and Title IX at (801) 581-8365 or
oeo@utah.edu.
Review of applications will begin October 1, 2021 and continue
until the position is filled. Apply online at https://utah.peopleadmin.com/postings/121344
. Submit a letter describing research and teaching interests, a
curriculum vita, samples of scholarly work, a statement of how your
work and other experiences contribute to the success of
underrepresented students, and contact information for three
individuals who will provide letters of recommendation. The
position is contingent upon final budgetary approval.
Please address any inquiries regarding the position to Dr. Heather
Melton (heather.melton@soc.utah.edu).
",Faculty Positions,Social & Behavioral Sciences,Criminal Justice & Criminology,Sociology,,,,,,
371384,Department Head  - Communication & Creative Arts,https://jobs.chronicle.com/job/371384/department-head-communication-and-creative-arts/,False,Purdue Northwest,"Indiana, United States",Salary Not specified,2021-08-17,"
					Purdue University Northwest (PNW)
invites applications for an exceptional academic leader to serve as
Chair of the Department of Communication and Creative Arts with an
expected start date of July 1, 2022. The chair will provide
strategic leadership to a diverse department and will work with
faculty, staff, and students to build upon the department’s
strengths in teaching, research, and service.
Applicants should have academic
credentials commensurate with appointment to the rank of associate
or professor with tenure.  Applicants also must have
supervisory administrative experience that may include managing
budgets, promoting the professional development of faculty and
staff, assessing academic programs, establishing interdepartmental
and interdisciplinary collaborations, and facilitating the
department’s contributions and outcomes consistent with the
university’s strategic goals.

The chair will be an individual with a national reputation who will
contribute to one or more of the department’s core areas of
research and teaching, have an active research agenda, and evidence
of a strong record of teaching effectiveness, including mentoring
graduate students. The ideal candidate will demonstrate an ability
to work cooperatively with faculty and students; to provide
leadership in realizing the strategic vision of the university,
college, and department; to promote the humanities and social
sciences in a STEM-rich university environment; to address various
challenges of public higher education; and to cultivate civic
engagement in the local community through partnerships and
collaborations.
 
 It is expected that the
chair will be engaged in scholarship or creative activities that
attract external funding (e.g., fellowships, grants) and to provide
leadership to increase the faculty’s external funding. The chair
will develop external relationships that help to further the
research, teaching, and service outcomes of faculty. The chair will
also have service duties, including program-building, as well as
commitment to extra-curricular activities.

				",Faculty Positions,Education,Curriculum & Instruction,Education Administration & Leadership,,,,,,
371386,Department of Political Science/American Politics - Tenure-Track Position (Start Fall 2022),https://jobs.chronicle.com/job/371386/department-of-political-science-american-politics-tenure-track-position-start-fall-2022-/,False,Grinnell College,"Iowa, United States",Competitive Salary,2021-08-17,"
GRINNELL COLLEGE. The Department of Political Science invites
applications for a tenure-track appointment in American Politics
with a focus on race and ethnicity beginning Fall 2022. Assistant
Professor (Ph.D.) preferred; Instructor (ABD or foreign equivalent)
or Associate Professor possible. Research and teaching interests
might include, but are not limited to: the political behavior of
specific demographic groups within the United States; politics of
gender or intersectional identities; identity politics; and
politics of inequality. Scholars who examine political minorities
in the U.S. in a cross-national comparative context are also
encouraged to apply. High consideration will be given to
individuals who can demonstrate educational, research, service, or
other experiences that prepare them to provide leadership in
mentoring and engaging with underrepresented and historically
marginalized students and colleagues.
Grinnell College is a highly selective undergraduate liberal
arts college with a strong tradition of social responsibility. In
letters of application, candidates should discuss their potential
to contribute to a college community that maintains a diversity of
people and perspectives as one of its core values. To be assured of
full consideration, all application materials should be received by
September 24, 2021. Please visit our application
website at https://jobs.grinnell.edu to find
more details about the job and submit applications online.
Candidates will need to upload a letter of application, curriculum
vitae, transcripts (copies are acceptable), a sample of scholarly
written work, and provide email addresses for three references.
Questions about this search should be directed to the search chair,
Professor Danielle Lussier at PoliSciSearch@grinnell.edu or
641-269-3141.
We use E-Verify to check employment eligibility of our new
hires. E-Verify is an Internet-based system operated by the
Department of Homeland Security (DHS) and the United States
Citizenship and Immigration Services (USCIS). The system allows
employers like Grinnell College to verify the employment
eligibility of its employees, regardless of citizenship. Based on
the information provided on Form I-9, E-Verify confirms this
information with DHS and Social Security Administration (SSA)
records.
Grinnell College is committed to establishing and maintaining a
safe and nondiscriminatory educational environment for all College
community members. It is committed to a policy of nondiscrimination
in matters of admission, employment, and housing, and in access to
and participation in its education programs, services, and
activities. The college does not discriminate on the basis of race,
color, ethnicity, national origin, age, sex, gender, sexual
orientation, gender identity or expression, marital status, veteran
status, pregnancy, childbirth, religion, disability, creed, or any
other protected class.
An offer for this position will be contingent on successful
completion of a background check.
 
",Faculty Positions,Social & Behavioral Sciences,Political Science & International Relations,,,,,,,
371393,Assistant Professor - Environmental Science,https://jobs.chronicle.com/job/371393/assistant-professor-environmental-science/,False,Tarleton State University,"Texas, United States",Salary Commensurate with experience,2021-08-17,"
Environmental Science Tenure Track Assistant Professor (9
Month):
 
The Department of Chemistry, Geosciences, and Physics at
Tarleton State University, in Stephenville, Texas, invites
applications for the tenure-track position of Assistant Professor
of Environmental Science (9 month) starting Fall 2021. The
successful candidate will support the Environmental Science Masters
of Science program through engaging, student-centered teaching,
establishment of a competitive research program, and actively
contribute to service and outreach initiatives that advance the
department, college, and university. Candidates will be expected to
instruct in graduate-level environmental science courses in both a
face-to-face and virtual format, as well as assist in teaching
undergraduate courses as appropriate, while assisting in the
expansion and management of the Master’s program at Tarleton State
University. Research specialization areas are broad, and candidates
with experience in climate, remediation, or compliance are
especially encouraged to apply. All application submissions must be
made electronically through Tarleton’s employment site, https://www.tarleton.edu/jobs/.
 
Review of applications will begin immediately, and continue
until the position is filled. Position availability is contingent
on budgetary approval. Tarleton State University is an Equal
Opportunity/Affirmative Action/Veterans/Disability Employer. As a
member of the Texas A&M System, Tarleton will provide equal
opportunity for employment to all persons regardless of race,
color, sex, religion, national origin, age, disability, genetic
information, veteran status, sexual orientation or gender identity
and will strive to achieve full and equal employment opportunity
through the Texas A&M System.
 
Required Qualification: Candidates must hold a Ph.D. in
environmental science or a related field at the time of employment.
Must demonstrate potential for outstanding teaching, research, and
strong verbal and written communication skills. Physical activity
will involve sitting, standing, bending, climbing stairs and
walking, 20/20 corrected eyesight, and occasional lifting of
moderate loads (50 lbs) in office and field environments.
 
Preferred Qualifications: Experience and ability to teach
additional courses from wider background is preferred, but not
essential.
 
",Faculty Positions,Education,Teacher Education,"Science, Technology & Mathematics",Geology & Earth Sciences,,,,,
371403,Professor with tenure,https://jobs.chronicle.com/job/371403/professor-with-tenure/,False,University of Chicago Kenneth C. Griffin Department of Economics,"Illinois, United States",Salary Not specified,2021-08-17,"
The Kenneth C. Griffin Department of Economics at the University
of Chicago invites applications for tenure-track faculty positions
in Economics at the Professor level to begin in the 2022-23
academic year.  Applicants in all fields of Economics will be
considered.
Application Instructions
Applicants must apply online at the University of Chicago’s
Academic Recruitment job board at: apply.interfolio.com/92293. Applications are required
to include a curriculum vitae.  Review of applications will
begin on September 15, 2021 and will continue until June 30, 2022,
or until the position is filled.  Only short-listed candidates
will be contacted. 
Equal Employment Opportunity Statement
We seek a diverse pool of applicants who wish to join an
academic community that places the highest value on rigorous
inquiry and encourages diverse perspectives, experiences, groups of
individuals, and ideas to inform and stimulate intellectual
challenge, engagement, and exchange. The University’s
Statements on Diversity are at https://provost.uchicago.edu/statements-diversity.
The University of Chicago is an Affirmative Action/Equal
Opportunity/Disabled/Veterans Employer and does not discriminate on
the basis of race, color, religion, sex, sexual orientation, gender
identity, national or ethnic origin, age, status as an individual
with a disability, protected veteran status, genetic information,
or other protected classes under the law. For additional
information please see the University's Notice
of Nondiscrimination.
Job seekers in need of a reasonable accommodation to complete
the application process should call 773-702-1032 or
email equalopportunity@uchicago.edu with
their request.
",Faculty Positions,Business & Management,Economics,,,,,,,
371376,Assistant Professor & Nutrition Program Director,https://jobs.chronicle.com/job/371376/assistant-professor-and-nutrition-program-director/,False,HOOD COLLEGE OF FREDERICK MD,"Maryland, United States",Salary Not specified,2021-08-17,"
Hood College invites applications for a full-time (10-month),
tenure-track assistant professor of nutrition who will also serve
as director for the newly-created graduate program in nutrition
science. This new graduate program is part of the college’s growing
health science program and is one of the Future Educator Model
(FEM) programs recently chosen by ACEND.
Under the general supervision of the department chair of
nursing, and in collaboration with the graduate school dean, the
full-time program director is responsible for teaching in area of
expertise and overseeing the implementation of the graduate program
in nutrition and dietetics which consists of three tracks:
dietetics, sustainability and general nutrition sciences. The
preferred candidate will have program development, accreditation,
and teaching/mentoring experience necessary to support the
implementation of these degree tracks.
We seek a candidate with a strong commitment in a liberal arts
setting, who is passionate about high-impact learning experiences,
and who values diversity, equity and inclusion in all that they
do.  Candidates must have strong organizational skills and
proven ability to work collaboratively across academic
disciplines.
Education and/or Experience

Doctoral degree in nutrition or related field;
RD licensure required with a minimum of three years’ teaching
experience at an accredited 4-year institution;
Administrative, program development, and ACEND accreditation
experience preferred;
Knowledge of and ability to integrate computer/digital
technology in the classroom;
Strong service record and experience with committee and
administrative duties.

Please visit www.hood.edu/jobs for more details,
including a description of the position. 
To Apply
Qualified candidates are invited to apply online via our
electronic application, which requires a cover letter with
curriculum vitae and three letters of recommendation. Please send
the letters of recommendation to kennedy@hood.edu.
If you need assistance with the on-line application process,
please email humanresources@hood.edu or
call (301) 696-3592.
Hood College is committed to diversity in its faculty and staff
and subscribes to a policy of hiring only individuals legally
eligible to work in the United States. 
EOE/AAP/M/F/Vet/Disability Employer
Hood College does not discriminate on the basis of sex, race,
color, national origin, sexual orientation, gender identity or
gender expression, marital status, pregnancy, disability,
religion, or age in recruitment, admission and
access to, or treatment, or employment in its programs, services,
benefits, or activities as required by applicable laws
including Title IX of the Educational Amendments of 1972 and
Section 504 of the Rehabilitation Act of 1973, and complies
with the law regarding reasonable accommodation for disabled
applicants and students. Inquiries about discrimination or
reasonable accommodation should be referred to the Title IX
and Section 504 Coordinator at Alumnae Hall, 401 Rosemont Avenue,
Frederick, MD. 21701 (AD 312), (301) 696-3592.  For
complete information on Hood College’s nondiscrimination policy,
please visit http://www.hood.edu/non-discrimination/.
 
",Faculty Positions,Health & Medicine,Nutrition,,,,,,,
371405,Associate Professor,https://jobs.chronicle.com/job/371405/associate-professor/,False,University of Chicago Kenneth C. Griffin Department of Economics,"Illinois, United States",Salary Not specified,2021-08-17,"
The Kenneth C. Griffin Department of Economics at the University
of Chicago invites applications for tenure-track faculty positions
in Economics at the Associate Professor level to begin in the
2022-23 academic year.  Applicants in all fields of Economics
will be considered.
Application Instructions
Applicants must apply online at the University of Chicago’s
Academic Recruitment job board at: apply.interfolio.com/92297. Applications are required
to include a curriculum vitae.  Review of applications will
begin on September 15, 2021 and will continue until June 30, 2022,
or until the position is filled.  Only short-listed candidates
will be contacted. 
Equal Employment Opportunity Statement
We seek a diverse pool of applicants who wish to join an
academic community that places the highest value on rigorous
inquiry and encourages diverse perspectives, experiences, groups of
individuals, and ideas to inform and stimulate intellectual
challenge, engagement, and exchange. The University’s
Statements on Diversity are at https://provost.uchicago.edu/statements-diversity.
The University of Chicago is an Affirmative Action/Equal
Opportunity/Disabled/Veterans Employer and does not discriminate on
the basis of race, color, religion, sex, sexual orientation, gender
identity, national or ethnic origin, age, status as an individual
with a disability, protected veteran status, genetic information,
or other protected classes under the law. For additional
information please see the University's Notice
of Nondiscrimination.
Job seekers in need of a reasonable accommodation to complete
the application process should call 773-702-1032 or
email equalopportunity@uchicago.edu with
their request.
",Faculty Positions,Business & Management,Economics,,,,,,,
371426,ASSISTANT PROFESSOR OF ART - DRAWING & PAINTING,https://jobs.chronicle.com/job/371426/assistant-professor-of-art-drawing-and-painting/,False,Whitworth University,"Washington, United States",Salary Commensurate with experience,2021-08-17,"
ASSISTANT PROFESSOR OF ART –
DRAWING & PAINTING
Tenure Track

SUMMARY OF POSITION:Art Department at Whitworth
University invites applicants for a tenure track faculty position
in 2-D art at the rank of Assistant Professor. Along with teaching,
the professor will oversee the 2-D curriculum, including the 2-D
track within the Art major, serve as mentor and advisor to
students, engage in research and/or creative work, and participate
in departmental activities and faculty governance.
The Art Department is situated within the College of Arts and
Sciences, which bears primary responsibility for providing an
education that is grounded in the tradition of liberal arts and
sciences and committed to the integration of faith and learning.
The Department is committed to excellent teaching, providing
students with a rigorous intellectual environment, in a modern,
fully-equipped art facility featuring dedicated studios, two
galleries, and a MAC computer lab. The 2-D Art program includes a
Drawing Studio, Painting Studio, and Printmaking Studio (with a new
laser cutter!) Students gain knowledge and skills that support
their creative process in the visual arts. The core art courses
provide the foundation in artistic form and content, while upper
division offerings expand each student’s artistic vision and
conceptual foundation for content in their work, and all courses
encourage lifelong learning and a passion for making and
understanding art. 2-D Art is currently a track within the Art
Major. In addition to 2-D courses, all art and design majors
complete core courses including 2-D and 3-D design, two art
seminars, three art history courses, and participate in junior and
senior exhibitions. Professionally active faculty members, who have
participated in exhibits and juried competitions throughout the
nation, encourage students to participate in making and critiquing
art, to develop skills and concepts through theory and practice,
and to immerse themselves intellectually and spiritually. To read
more please visit the art department website at www.whitworth.edu/art/.
Spokane has a supportive art community encouraged by
organizations such as Spokane Arts (www.spokanearts.org), Washington
State Artist Trust (www.artisttrust.org), and
Laboratory Spokane (https://laboratoryspokane.com/).
These organizations provide funding for projects, exhibition
opportunities, residencies, and support for artists at any stage in
their career. The region also features museums, galleries and art
spaces, as well as regular art events, which provide opportunities
for artists to interact with one another and the community. The
vibrant art departments at several local and regional universities
foster a rich and collaborative community of art professors.

Since 1890, Whitworth University, a private, residential,
comprehensive, master’s-level, liberal-arts institution affiliated
with the Presbyterian church, has held fast to its founding mission
to provide its students an education of mind and heart
characterized by rigorous and open intellectual inquiry and the
integration of Christian faith and learning. Anchored in the
Reformed tradition and enriched throughout its history by strong
evangelical and ecumenical currents, Whitworth's mission is carried
out by a diverse community of dedicated Christian scholars and
staff members who are called to a variety of vocations to serve and
support students. Whitworth believes the best learning occurs in
the context of relationship – inside and outside of the classroom –
where professors and staff members alike invest in the lives of
students. Whitworth is committed to modeling the highest standards
of integrity and fairness and being a trusted and valued member of
the community
PRIMARY TEACHING OPPORTUNITIES:A
successful candidate will have the opportunity to teach 21 credit
hours (approximately seven courses) per year, within the Art
Department, typically three in the fall semester, one during
January Term, and three in spring semester. An ideal candidate will
demonstrate proficiency in traditional and contemporary practice in
2-D art with an emphasis in painting and fluency in digital media.
Courses include Painting, Digital Painting, Drawing, Figure
Drawing, and Illustration. Other courses may be developed based on
disciplinary trends or areas of specialty.
OTHER OPPORTUNITIES AND
RESPONSIBILITIES:Possibility of developing new
courses that contribute to the university’s innovative,
interdisciplinary Shared Curriculum. Additional responsibilities
include participation in departmental activities and governance,
professional and research activities, attending state, regional and
national professional association meetings; attending faculty
assemblies, development days, and retreat, serving on committees,
and advising.
STARTING DATE: July 2022

REQUIRED JOB KNOWLEDGE, SKILLS AND ABILITIES:

Evidence of promise in effectiveness at college-level teaching
(demonstrated effectiveness preferred)
A personal commitment to the Christian faith and to the
integration of faith and learning
Strong potential for an on-going stream of research in the
candidate’s area of specialization
Demonstrated growth in cultural competence, awareness of
societal and structural inequities and proven experience in
effectively establishing relationships and positive communications
with students and other constituents across multiple dimensions of
diversity including, but not limited to, race, gender, varying
abilities, nationality, sexual orientation, gender identity, class
or religious perspectives
A commitment to the educational mission of Whitworth University
as a comprehensive Christian liberal arts university affiliated
with the Presbyterian church
Demonstrated excellence in painting, with evidence of current
scholarly activity in the field of 2-dimensional art making.
Evidence of expertise in teaching painting, drawing and digital
media.
Working knowledge of history and theory relating to
contemporary art practice. Interest in global/intercultural issues
in art is a plus.

REQUIRED QUALIFICATIONS: M.F.A. in Painting or
closely related field.
SALARY: Commensurate with experience and
qualifications

TO APPLY:  Please submit to www.whitworth.edu/facultycareers
ADDITIONAL REQUIREMENTS: A background check,
sexual misconduct check and confirmation of degrees earned will be
required of the successful candidate
DEADLINE: Application materials will be
received until the position is filled. Initial screening of
applicants will begin immediately.
Whitworth complies with all federal, state, and local
nondiscrimination laws that are applicable to religious nonprofit
institutions and does not engage in unlawful discrimination on the
basis of race, color, national origin, age, sex, or disability.
With our Christ-centered commitment to building a diverse and
inclusive community, the university encourages applications from
populations underrepresented at Whitworth including members of
racial/ethnic communities, women, and persons with
disabilities.
 
 
 
 
",Faculty Positions,Arts,Art,,,,,,,
371509,"Lecturer/Assistant/Associate/Full Teaching Professor in the Data Science Program, San",https://jobs.chronicle.com/job/371509/lecturer-assistant-associate-full-teaching-professor-in-the-data-science-program-san/,False,Northeastern University,"Massachusetts, United States",Salary Not specified,2021-08-17,"


Lecturer/Assistant/Associate/Full Teaching Professor in the Data
Science Program, San Francisco/Silicon Valley

About Northeastern:
Founded in 1898, Northeastern is a global research university and
the recognized leader in experience-driven lifelong learning. Our
world-renowned experiential approach empowers our students,
faculty, alumni, and partners to create impact far beyond the
confines of discipline, degree, and campus.

Our locations—in Boston; Charlotte, North Carolina; London;
Portland, Maine; San Francisco; Seattle; Silicon Valley; Toronto;
Vancouver; and the Massachusetts communities of Burlington and
Nahant—are nodes in our growing global university system. Through
this network, we expand opportunities for flexible,
student-centered learning and collaborative, solutions-focused
research.

Northeastern's comprehensive array of undergraduate and graduate
programs— in a variety of on-campus and online formats—lead to
degrees through the doctorate in nine colleges and schools. Among
these, we offer more than 195 multi-discipline majors and degrees
designed to prepare students for purposeful lives and
careers.

About the Opportunity:
The Khoury College of Computer Sciences and College of Engineering
invite applications for the position at the rank of
Lecturer/Assistant Teaching Professor/Associate Teaching
Professor/Full Teaching Professor in the Data Science Program
beginning in the Spring 2021 semester. This position reports to the
Director of the Data Science program in the Khoury College of
Computer Sciences and College of Engineering for the San Francisco
Bay Area Campuses.

Responsibilities:
We are seeking highly-motivated individuals committed to excellence
in teaching. Full-time appointments at all ranks are renewable,
career-focused non-tenure-track positions with responsibilities in
teaching and service. Opportunities for research and scholarship
are possible with course releases to make time for scholarship.
Primary responsibilities include teaching graduate courses at the
MS-level in Data Science. Classes primarily meet in the evening and
are small, with 10-40 students in a section. Faculty are supported
with TAs and graders. The successful candidate will create course
content and materials, as well as collaborate closely with
colleagues across all Northeastern University campuses (Boston,
Charlotte, San Francisco, Seattle and Silicon Valley). Student
advising and service to the college and university are an integral
component of the position. Northeastern University is a global
university recognized by our renowned co-op program and our focus
on experiential learning.

Successful candidates will teach six core or elective courses per
year in the MS program in Data Science. Additionally, advising
students on curriculum matters, and on preparation for a career in
Data Science will be required occasionally as well.

Qualifications:
Candidates must hold a PhD in Data Science, Computer Science,
Electrical and Computer Engineering, or a related field from an
accredited institution by the start date. Demonstrated ability or
potential for teaching excellence is required, but we will consider
fresh PhDs. Rank of appointment at the Lecturer, Assistant Teaching
Professor, Associate Teaching Professor, or Full Teaching Professor
level will be determined on prior experience and will be discussed
with candidates during the interview process. Successful candidates
will have demonstrated an expert grasp of knowledge of the field
and be creative in their approach to teaching in an environment of
experiential education. Strong written, oral and interpersonal
skills are required in order to communicate effectively with
diverse and exceptional students in person and online. Successful
applicants are willing to teach in the evening and during summer
sessions if appropriate.


Preferred Qualifications:

Salary Grade:
FAC

Additional Information:
Northeastern University is an equal opportunity employer, seeking
to recruit and support a broadly diverse community of faculty and
staff. Northeastern values and celebrates diversity in all its
forms and strives to foster an inclusive culture built on respect
that affirms inter-group relations and builds cohesion.

All qualified applicants are encouraged to apply and will receive
consideration for employment without regard to race, religion,
color, national origin, age, sex, sexual orientation, disability
status, or any other characteristic protected by applicable
law.

To learn more about Northeastern University's commitment and
support of diversity and inclusion, please see 
www.northeastern.edu/diversity.


To apply, visit https://careers.pageuppeople.com/879/cw/en-us/job/503461

jeid-309911945916174bb037c8e5be2e81c7
				",Faculty Positions,"Science, Technology & Mathematics",Computer Sciences & Technology,,,,,,,
371528,Chair-Professor of Psychological Science/College of Liberal Arts,https://jobs.chronicle.com/job/371528/chair-professor-of-psychological-science-college-of-liberal-arts/,False,University of Texas Rio Grande Valley,"Texas, United States",Salary Not specified,2021-08-17,"


Chair-Professor of Psychological Science/College of Liberal
Arts

Job Class Code: 10019
FLSA: Exempt
Posting Number: FRGV1207
Location: Rio Grande Valley
Division/Organization: Provost - Academic Affairs
Appointment Period for Non-Tenure Position:
Tenure Status: Tenured
FTE: 1

Scope of Job:
We seek applicants who are dedicated to serving The
University of Texas Rio Grande Valley's diverse student
body as a Chair-Professor of Psychological Science
Department beginning in the 2022-2023 academic year. This is a
tenured position at the rank of Full Professor. Candidates for the
position of Chair must have a doctorate in Psychology and meet the
Rank Qualifications listed below. The Chair is expected to have the
skills to direct and coordinate the academic, operational,
personnel, budgetary, and student-oriented activities of a dynamic
department. The Chair is expected to have the ability to
participate in college and university level governance as required
and to be a strong advocate for the department, college, and/or
university.

The Chair is expected to have skills and knowledge for guiding
faculty teaching, scholarly activities, and seeking external
funding. Successful applicants will work effectively with a variety
of people throughout the organization and external to the
University. The position requires the ability to administer the
fiscal affairs of the department and to allocate the resources of
the department in accordance with University rules and procedures
in order to meet department goals and objectives.



Minimum Qualifications:
Requirements for Professor are:
(1) a doctorate in Psychology and must be tenured,
(2) scholarly professional experience demonstrated through an
exemplary record of teaching and publication in peer-reviewed
journals to meet the institutional requirement for the rank of Full
Professor, and
(3) a distinguished record of accomplishment that leads to an
international or national reputation in the field of
psychology,
(4) a high degree of teaching proficiency and commitment and
professional service, and
(5) at least three years of administrative experience managing an
academic unit.



Discipline Specific Required Qualifications:
Evidence of commitment to research, a strong teaching background,
and a commitment to service is required.

Preferred Qualification:
Experience with program development, assigning, facilitating, and
evaluating the work of faculty and staff. Experience with mentoring
developing scholars, initiating, and supervising the faculty
promotion and tenure process. Strong interpersonal, organizational,
and leadership skills. Knowledge of administering the financial
affairs at the department level. Knowledge of current state and
federal grant-related regulations and attainment of external
funding. History of interdisciplinary collaboration and research.
Experience with program evaluation and ongoing curricular revisions
based on assessment outcomes; and direction of recruitment,
retention, advising, and timely graduation of students.

Salary: Commensurate with Qualifications and
Experience
License or Certification Required?: No
Number of Vacancies: 1
Desired Start Date: 09/01/2022

EEO Statement:
EEO Statement
It is the policy of The University of Texas Rio Grande Valley to
promote and ensure equal employment opportunities for all
individuals without regard to race, color, national origin, sex,
age, religion, disability, sexual orientation, gender identity or
expression, genetic information or protected veteran status. In
accordance with the requirements of Title VII of the civil rights
act of 1964, the title IX of the Education Amendments of 1972,
Section 504 of the Rehabilitation Act of 1973, and the Americans
with Disabilities Act of 1990, as amended, our University is
committed to comply with all government requirements and ensures
non-discrimination in its education programs and activities,
including employment. We encourage women, minorities and
differently abled persons to apply for employment positions of
interest.
Diversity Statement
UTRGV is a Hispanic-serving Institution dedicated to student
success and building a diverse faculty committed to working in a
multicultural environment. UTRGV has an NSF ADVANCE grant to
increase the representation of women in STEM fields and to promote
a positive, family friendly workplace for all faculty. We strongly
encourage applications from women and minorities.

Open Date: 08/17/2021

Special Instructions to Applicants:
Dear Applicant, Human Resources will not be held responsible for
redacting any confidential information from the documents you
attach with your application. The confidential information includes
the following: *Date of Birth *Social Security Number *Gender
*Ethnicity/Race Please make sure that you omit this information
prior to submission. We are advising that Human Resources will be
forwarding your application to the department as per your
submission.

Additional Information:
UTRGV is a distributed institution. As such and as assigned, the
position may require presence at multiple locations throughout the
Rio Grande Valley. Work is performed primarily in a general office
environment. This position is security sensitive and thereby
subject to the provisions of the Texas Education Code §51.215. The
retirement plan for this position is Teacher Retirement System of
Texas (TRS), subject to the position being at least 20 hours per
week and at least 135 days in length. This position has the option
to elect the Optional Retirement Program (ORP) instead of TRS,
subject to the position being 40 hours per week and at least 135
days in length.

Documents Required:
The below list of documents must be uploaded under Other
documents. See line 6 under applicants required documents:

Leadership Statement
Publication 1
Publication 2
Publication 3




Please Note:
Texas law requires faculty members whose primary language is not
English to demonstrate proficiency in English as determined by a
satisfactory paper-based test score of 500 (computer-based of 173
or internet-based of 61) on the Test of English as a Foreign
Language (TOEFL) or a satisfactory test score of 6.0 on the
International English Language Testing System (IELTS). Incomplete
applications will not be considered. Candidates completing their
application files by 11/1/2021 will receive full consideration. The
Search Committee will review applications until the position is
filled.

To apply, visit https://careers.utrgv.edu/postings/29927

jeid-451c6cd906d63744b32e633a0f08dad0
				",Faculty Positions,Social & Behavioral Sciences,Psychology,,,,,,,
371537,Assistant Professor in Sociology/College of Liberal Arts,https://jobs.chronicle.com/job/371537/assistant-professor-in-sociology-college-of-liberal-arts/,False,University of Texas Rio Grande Valley,"Texas, United States",Salary Not specified,2021-08-17,"


Assistant Professor in Sociology/College of Liberal
Arts

Job Class Code: 10031
FLSA: Exempt
Posting Number: FRGV1206
Location: Rio Grande Valley
Division/Organization: Provost - Academic Affairs
Appointment Period for Non-Tenure Position:
Tenure Status: Tenure Track
FTE: 1

Scope of Job:
The Department of Sociology (https://www.utrgv.edu/sociology/)
at the University of Texas Rio Grande Valley seeks applications for
a tenure-track, Assistant Professor position to begin in Fall 2022.
All candidates will be considered regardless of field of
specialization. The successful candidate will be prepared to
maintain an active research agenda commensurate with the
expectations of an emerging research institution, teach and mentor
undergraduate and graduate students, and engage in professional
service. Incomplete applications will not be considered. Selected
candidates will be required to provide official transcripts from
all degree-granting universities. Applications must be submitted
through the UTRGV employment portal: https://careers.utrgv.edu/. The
position will remain open until filled. Home to 16 full-time and
part-time faculty, the Department of Sociology offers several
programs of study, including a BA in Sociology, MS in Sociology, MA
in Disaster Studies, and a Graduate MA Certificate in Emergency
Management and Sustainability. The university enrolls more than
29,000 students in its graduate and undergraduate programs. UTRGV
is located in one of the fastest growing regions of the United
States. The department is seeking candidates who are committed to
advancing UTRGV's mission, vision, and values as articulated in the
UTRGV Transforming Our World Strategic Plan (https://www.utrgv.edu/strategic-plan/),
which includes strong commitments to educational access for a
diverse student body; engaged learning involving social justice,
civic responsibility, and sustainability; shared governance; and
research that can transform the Rio Grande Valley and the
world.

Minimum Qualifications:
1) Ph.D. in Sociology or related field from an accredited
institution of higher education (but must have at least 18 hours of
graduate credit in Sociology). ABDs will be considered, but a
conferred doctorate by September 1, 2022, is required for
appointment.

2) Demonstrated potential for a strong research and publication
record.

3) Demonstrated potential for teaching excellence.



Discipline Specific Required Qualifications:


Preferred Qualification:


Salary: Commensurate with Qualifications and
Experience
License or Certification Required?: No
Number of Vacancies: 1
Desired Start Date: 09/01/2022

EEO Statement:
EEO Statement
It is the policy of The University of Texas Rio Grande Valley to
promote and ensure equal employment opportunities for all
individuals without regard to race, color, national origin, sex,
age, religion, disability, sexual orientation, gender identity or
expression, genetic information or protected veteran status. In
accordance with the requirements of Title VII of the civil rights
act of 1964, the title IX of the Education Amendments of 1972,
Section 504 of the Rehabilitation Act of 1973, and the Americans
with Disabilities Act of 1990, as amended, our University is
committed to comply with all government requirements and ensures
non-discrimination in its education programs and activities,
including employment. We encourage women, minorities and
differently abled persons to apply for employment positions of
interest.
Diversity Statement
UTRGV is a Hispanic-serving Institution dedicated to student
success and building a diverse faculty committed to working in a
multicultural environment. UTRGV has an NSF ADVANCE grant to
increase the representation of women in STEM fields and to promote
a positive, family friendly workplace for all faculty. We strongly
encourage applications from women and minorities.

Open Date: 08/13/2021

Special Instructions to Applicants:
Dear Applicant, Human Resources will not be held responsible for
redacting any confidential information from the documents you
attach with your application. The confidential information includes
the following: *Date of Birth *Social Security Number *Gender
*Ethnicity/Race Please make sure that you omit this information
prior to submission. We are advising that Human Resources will be
forwarding your application to the department as per your
submission.

Additional Information:
UTRGV is a distributed institution. As such and as assigned, the
position may require presence at multiple locations throughout the
Rio Grande Valley. Work is performed primarily in a general office
environment. This position is security sensitive and thereby
subject to the provisions of the Texas Education Code §51.215. The
retirement plan for this position is Teacher Retirement System of
Texas (TRS), subject to the position being at least 20 hours per
week and at least 135 days in length. This position has the option
to elect the Optional Retirement Program (ORP) instead of TRS,
subject to the position being 40 hours per week and at least 135
days in length.

Please Note:
Texas law requires faculty members whose primary language is not
English to demonstrate proficiency in English as determined by a
satisfactory paper-based test score of 500 (computer-based of 173
or internet-based of 61) on the Test of English as a Foreign
Language (TOEFL) or a satisfactory test score of 6.0 on the
International English Language Testing System (IELTS). Incomplete
applications will not be considered.

To apply, visit https://careers.utrgv.edu/postings/29922

jeid-173ad4e9ceb6f742900892cfb99bdfad
				",Faculty Positions,Social & Behavioral Sciences,Sociology,,,,,,,
371543,Assistant/Associate/Full Professor - Electrical and Computer Engineering,https://jobs.chronicle.com/job/371543/assistant-associate-full-professor-electrical-and-computer-engineering/,False,Northeastern University,"Massachusetts, United States",Salary Not specified,2021-08-17,"


Assistant/Associate/Full Professor - Electrical and Computer
Engineering

About Northeastern:
Founded in 1898, Northeastern is a global research university and
the recognized leader in experience-driven lifelong learning. Our
world-renowned experiential approach empowers our students,
faculty, alumni, and partners to create impact far beyond the
confines of discipline, degree, and campus.

Our locations—in Boston; Charlotte, North Carolina; London;
Portland, Maine; San Francisco; Seattle; Silicon Valley; Toronto;
Vancouver; and the Massachusetts communities of Burlington and
Nahant—are nodes in our growing global university system. Through
this network, we expand opportunities for flexible,
student-centered learning and collaborative, solutions-focused
research.

Northeastern's comprehensive array of undergraduate and graduate
programs— in a variety of on-campus and online formats—lead to
degrees through the doctorate in nine colleges and schools. Among
these, we offer more than 195 multi-discipline majors and degrees
designed to prepare students for purposeful lives and
careers.

About the Opportunity:

Assistant/Associate/Full Professor - Electrical and
Computer Engineering

Responsibilities:
The Department of Electrical and Computer Engineering at
Northeastern University invites applications for multiple open
positions at all levels. We seek exceptional candidates with
research interests and accomplishments in Internet of Things and
Networking, materials, devices and circuits for emerging micro,
nano and quantum systems, all areas of Electrical and Computer
Engineering.

Qualifications:
A Ph.D. in Electrical and Computer Engineering, Computer Science or
a closely related field to one of the above listed expertise areas
by the appointment start date is required. Successful candidates
will be expected to develop strong independent research programs
and to excel in teaching in both our undergraduate and graduate
programs


Preferred Qualifications:
Outstanding candidates at all levels will be considered. Candidates
should be committed to fostering diverse and inclusive environments
as well as to promoting experiential learning, which are central to
Northeastern University education.

Salary Grade:
FAC

Additional Information:
Northeastern's ECE department has 63 Tenured/Tenure Track faculty
members, with established areas of excellence in high performance
computing, robotics, IoT technologies, materials and devices, power
systems, cybersecurity (NU is an NSA Center of Excellence in both
education and research), and communications/ networking/ signal
processing. For more information about the faculty openings please
contact chair of the hiring committee at ecehiringchair@ece.neu.edu

Northeastern University is ideally located in the heart of Boston
and is in close proximity to a number of major academic
institutions and innovative technology companies and installations.
Northeastern's departments and research centers maintain strong
collaborative interactions with many of these institutions, and the
University is also home to a number of NSF-, DHS-, NIST and
NIH-supported core research centers. At the core of the
Northeastern engineering education experience is our top ranked
cooperative education program.

Applications should include a complete curriculum vita, a statement
of current and future research interests, a statement of teaching
interests, a statement of diversity, equity and inclusion, and
contact information for at least four references.
Applications must be completed through the online
submission portal at https://careers.hrm.northeastern.edu/en-us/listing.Review
of applications will begin immediately and will proceed until the
positions are filled. Northeastern ECE embraces diversity and seeks
candidates who can contribute to a welcoming climate for students
and faculty of all races and genders.

Northeastern University seeks to meet the needs of dual career
couples and is a member of the New England Higher Education
Recruitment Consortium to assist with dual career searches.

Northeastern University is an equal opportunity employer, seeking
to recruit and support a broadly diverse community of faculty and
staff. Northeastern values and celebrates diversity in all its
forms and strives to foster an inclusive culture built on respect
that affirms inter-group relations and builds cohesion.

All qualified applicants are encouraged to apply and will receive
consideration for employment without regard to race, religion,
color, national origin, age, sex, sexual orientation, disability
status, or any other characteristic protected by applicable
law.

To learn more about Northeastern University's commitment and
support of diversity and inclusion, please see 
www.northeastern.edu/diversity.


To apply, visit https://careers.pageuppeople.com/879/cw/en-us/job/504086

jeid-e63d7c86fc4aa34b95ebccfa0b771cec
				",Faculty Positions,"Science, Technology & Mathematics",Engineering,,,,,,,
366618,Assistant Professor,https://jobs.chronicle.com/job/366618/assistant-professor/?LinkSource=TopJob,True,Georgia State University,"Georgia, United States",Salary Commensurate with experience,2021-08-04,"
Two
Tenure-track Assistant Professors- Elementary Mathematics Education
(Grades PreK-5) (Log #23-004)  
The Department of
Early Childhood and Elementary Education in the College of
Education & Human Development at Georgia State University is
seeking two full-time, tenure-track assistant professors in
elementary education (grades PreK-5) with expertise in mathematics
education. Georgia State is a Research I institution with
considerable emphasis on recruiting productive scholars.
Responsibilities: Each faculty member is
expected to maintain a balanced portfolio of research, scholarship,
teaching and service efforts. Primary scholarly responsibilities
include having an active and productive research agenda, including
publications of research and scholarly work, participation in
professional organizations and presentations at conferences.
Teaching responsibilities include teaching undergraduate and
graduate courses related to the mathematics education of elementary
students. Some teaching could be conducted at local partner school
sites. Additional responsibilities include mentoring graduate
students, supervising field experiences of students and serving on
departmental, college and university committees, as well as service
to the professional community.
Qualifications: Qualifications include: an
earned doctorate in early childhood and/or elementary education or
relevant field with a mathematics education focus; expertise in
standards-based mathematics instruction; and experience in and
commitment to working with diverse students in urban elementary
schools. Successful applicants will have three years of
professional experience with pre-K-5 students. Demonstrated
research through publications and presentations is a plus, along
with experiences teaching mathematics education courses in a
university setting. For one of the positions, the successful hire
is expected to have expertise related to mathematics education in
dual language immersion elementary school settings. For the other
position, the successful hire is expected to have expertise related
to mathematics education in urban elementary school settings.
Applications/Nominations: Interested
applicants should submit: a letter of interest describing
qualifications for the position, curriculum vitae, an unofficial
transcript of highest degree earned, three letters of reference and
a one to two-page description of research plans accompanied by a
sample of recent scholarly writing that is not the dissertation but
can be a dissertation chapter. Email application materials to
La'Twan Roddey at COEECEJOBS@gsu.edu. Inquiries
should be addressed to Susan Auslander,
Ph.D. at sauslander@gsu.edu. For more
information about the department visit their website.
Review of applications will begin September 15, 2021 and
continue until the positions are filled. The positions are
available beginning Fall Semester, 2022.
Georgia State University is an Equal Opportunity Employer
and does not discriminate against applicants due to race,
ethnicity, gender, veteran status or on the basis of disability or
any other federal, state or local protected class.
",Faculty Positions,Education,Curriculum & Instruction,Teacher Education,"Science, Technology & Mathematics",Mathematics,,,,
365990,"Director, School of Library and Information Science",https://jobs.chronicle.com/job/365990/director-school-of-library-and-information-science/?LinkSource=TopJob,True,The University of Southern Mississippi,"Mississippi, United States",Competitive Salary,2021-08-03,"
The University of Southern Mississippi (USM) is seeking a
visionary leader to serve as Director of the School of Library
and Information Science. The School Director position is a
full-time, 12-month administrative appointment beginning
July 1, 2022. We are seeking applicants who demonstrate
strong leadership, communication, and collaboration skills and
who will foster innovation and growth. The School of Library and
Information Science is home to thriving, online undergraduate and
graduate programs, with over 400 students
combined, designed to produce qualified individuals for
professional roles in libraries, archives, and other information
environments with appropriate knowledge and skills to serve the
information needs of their communities.
 
The School of Library and Information Science is an
ALA-Accredited Master’s program (2019), and USM is classified
as a Carnegie Doctoral University with Higher Research
Activity. The Director is expected to foster an
environment that balances research productivity and
high-quality teaching.

Broad responsibilities for the School Director include
planning, development, and administration of the School's
academic programs while advocating on their behalf to both
internal and external stakeholders. The Director of the School
of Library and Information Science reports directly to the Dean of
the College of Education and Human Sciences and serves as part of
the Dean’s Executive Council, which is comprised of the six school
directors in the college. Therefore, the effective Director must be
an engaged participant in both the College and the University
administrative teams.
 
Additionally, a successful candidate will have experience in or
exhibit the following KSA: collaboration, problem-solving,
flexibility, leadership, inclusion, communication, technology
proficiencies, teaching, and budgetary knowledge. The Director also
serves an important role in community relations within the state
and through the internationally, recognized Fay B. Kaigler
Children’s Book Festival.
 
 


 

 
",Faculty Positions,Professional Fields,Library & Information Sciences,,,,,,,
